Class,Precision,Recall,F1-Score,Support
glioma_tumor,0.9655172413793104,0.28,0.43410852713178294,100
meningioma_tumor,0.6687898089171974,0.9130434782608695,0.7720588235294118,115
no_tumor,0.6419753086419753,0.9904761904761905,0.7790262172284644,105
pituitary_tumor,0.8478260869565217,0.527027027027027,0.65,74
